x,y,z
45.42166773967354,78.71857946622339,a
-16.600398946653662,107.41210661716354,a
5.468565569894164,103.051290240794,a
29.69892551151261,79.0870375149903,a
-11.641939252592195,120.58742343100312,a
49.61752262370736,129.35249654904334,a
-3.1004163900204205,75.8244197565266,a
37.17546438044376,90.38948004892467,a
73.20538230098896,96.07863662063573,a
52.98306148876141,164.27255925732823,a
63.87830213623191,206.11566970872332,a
76.0079349492361,124.907013224335,a
125.01372443220583,132.12213836672117,a
156.49119985941496,93.88343786158322,a
158.0062466674122,107.0233134125263,a
109.27130291197369,108.34670321312507,a
120.33419503281793,46.531547259081265,a
96.66759442488492,44.882346343404095,a
92.93303997228384,5.6142891265458275,a
37.57416327662427,66.87553368187122,a
77.04014454323759,22.70939447029781,a
13.074450716796449,61.23815927344708,a
70.96458610208614,67.90991122053913,a
64.66940541042504,44.9588180429688,a
35.06748625692656,48.90877281217081,a
55.2000830859931,54.10248652906648,a
16.108863012259018,116.55832797849149,a
83.63713502178959,100.04625622658801,a
73.00386724146426,158.65591480615814,a
69.06793995230757,111.95473803757511,a
125.37473310140157,122.59989457721588,a
76.51591883387478,173.20269412302946,a
129.69718526578205,160.92853435829613,a
127.32608883192125,164.46003933055937,a
145.5824153719817,117.36985317306988,a
150.58774524971975,95.42356978942058,a
193.20250577947434,55.85853394872589,a
140.55001384405654,57.895516811184166,a
107.7861368268369,39.93895894063695,a
74.00804524938468,50.10241942781886,a
61.856300896025516,83.1449388344954,a
16.08048103243126,69.19730932583911,a
39.62487083954335,99.57125114488684,a
14.91518849857879,95.24808986707694,a
27.251478817928742,154.09507733697103,a
56.999151640983236,207.20768698027217,a
53.86400095923498,185.6954116571335,a
65.09743417025962,144.577216695348,a
69.8894934482404,193.23618580080915,a
109.4153164481841,203.40412167503263,a
99.90789292636484,171.45670448453058,a
151.29824945106586,170.9785280232246,a
167.08893197493396,164.27054868289537,a
133.40285415765123,91.40503625091765,a
122.88547565520015,136.33070540293204,a
86.52976074354149,76.2204600764457,a
77.61239992826546,85.76888737598205,a
41.60358764265907,82.16319421525054,a
22.075791338045782,154.70466936699495,a
-3.412619153933921,76.82933296400768,a
2.7692349306798043,139.50900519604124,a
70.7613303185392,138.47056436831645,a
24.62961234614412,141.89765690886168,a
48.17669860022849,177.92850765308697,a
73.76235174591008,113.37251350885299,a
50.52503177744728,210.92847167936998,a
135.5379237123088,171.59596706208657,a
142.42819863036632,107.42475753123722,a
117.6154922294977,141.43286669390574,a
124.4579389559471,114.97032069731665,a
93.6471959494067,140.6103151957755,a
86.51248047836077,96.59426403856969,a
117.63564494870758,76.35298775929977,a
70.16842228616079,116.38777598762738,a
74.66679309768914,61.38545757276779,a
49.39173172530454,111.00699825224888,a
26.38832969535199,56.052429447101645,a
10.208546540334815,148.4467902144927,a
53.73487464585155,95.41094629293343,a
48.977566535708476,152.01352070982068,a
117.70839068518818,122.63676990150509,a
104.63579485354569,194.26391177612828,a
95.46106302486558,146.770945410597,a
175.9997325212454,131.35588042512467,a
211.93111456120343,144.52389564694897,a
166.0534711474394,128.80412737361712,a
148.84349813948523,130.09249258718933,a
191.65476306453508,143.91357008259024,a
113.55616828083751,108.66616493026231,a
108.30003471056312,116.79662637191308,a
88.77475142006114,109.13851148299045,a
73.19606708288215,98.58555376159052,a
95.53829892841597,67.65072051282738,a
46.90074935853126,160.7172303097405,a
50.96977113678729,161.226333520256,a
102.96361907070639,137.93842172588353,a
142.3560830592412,129.39163734927547,a
180.89823993912097,163.09719227744307,a
145.10490455574387,120.24596506037125,a
185.13300288415078,96.50564770850337,a
177.68135188570005,135.11442080554468,a
159.35484293367347,140.4856577225114,a
190.99209787412448,105.68741496995665,a
178.00479445139396,74.94769632164184,a
90.76335137383043,99.96695979959759,a
126.15874522265523,57.089428520301,a
36.715152998592025,89.47252652988635,a
76.01600031692188,70.00096028300442,a
52.500220017485375,161.18298203829204,a
60.3204754014979,128.65093123971707,a
137.69499657131072,198.89498153991804,a
102.77404528226688,176.05535846572508,a
135.02494537512578,178.45583620273948,a
166.8599391054447,187.44073002278026,a
163.37562435088174,182.17205737452002,a
147.06871448835182,158.22621272189133,a
172.7167198947525,237.33898497702262,a
235.62226059390483,161.97468886977998,a
174.19099941118623,171.64678526669127,a
226.8977317547478,127.83338538092153,a
167.58447030664357,88.92078386725007,a
116.49252277899747,91.48549620784593,a
74.20073382126289,110.5640287042907,a
82.79738375865502,94.36515575182159,a
52.22959253123197,116.9867143650821,a
32.835716506713126,216.73709809773533,a
51.11127606754031,221.1436141506959,a
63.77361248327562,162.7690165427485,a
69.83141342105864,174.74256227601654,a
91.23629770485921,137.27455799751698,a
149.00540945931422,210.09791975256752,a
75.20264818141327,250.9776419462286,a
91.33188205946227,206.85424254608205,a
106.81667837021976,201.25831997249992,a
158.65772776348769,156.34221750602234,a
159.44202177137046,142.345899269756,a
127.92094919925303,108.0016677818997,a
85.65911155214954,97.23288971519946,a
125.29081277535312,69.03391124901992,a
66.73093816859807,54.67488242244508,a
103.44648502050698,77.10723471844659,a
152.45797840368493,121.1376871328718,a
117.16100797364048,130.95258702326817,a
40.474261266302825,168.85558861186888,a
35.24584275108754,179.47559456874825,a
94.08904758484678,192.5257126219181,a
112.23329184166991,215.21039244778427,a
182.2214364279261,247.2785914004202,a
185.01077261684762,300.96604263439605,a
162.79330065190274,220.3503702480126,a
149.72182985601117,244.49696228760442,a
175.05307887027533,202.3750697809004,a
189.1831868194143,154.4386257172169,a
174.33258835140228,129.17264655185585,a
175.51371634755785,117.26782244055318,a
134.62775978973704,57.393891189802105,a
71.89672440442729,94.0025332275452,a
117.20895419226959,78.42624653311424,a
82.40330460995304,88.35429625291368,a
52.039692288536656,122.47278589996881,a
64.29477172758911,107.26577324979257,a
111.21634636438102,167.92140068081073,a
92.745832604723,158.4060635358794,a
152.76690522443266,170.92112078052588,a
170.96734931086124,210.5101326209109,a
155.23652461945667,204.7932532040976,a
172.1897851777162,187.8222718281769,a
162.2060945421913,183.79576168338866,a
161.97119065204296,151.90778014448694,a
222.26766951102366,63.23810713841476,a
210.4680122477281,86.93014663111535,a
141.32022647303404,73.4480725323258,a
107.41084582416407,87.19114382910806,a
106.44493858802313,89.55383722564108,a
116.14745631349969,37.80851577437386,a
75.69244526532898,100.6387257430323,a
88.64253124568819,193.30252710810595,a
108.04948890891171,200.61722464357933,a
109.43473050245265,208.63061259070696,a
106.44143765977398,254.30888819664398,a
93.79510794198029,237.94174079919298,a
172.90748825409366,228.38663855161712,a
165.00250207400757,240.90553367877595,a
178.12441036333,188.09941678772486,a
213.83807634317427,146.14405375996404,a
219.6583158413928,100.13121684097024,a
222.57980448355528,106.43979202373401,a
145.37699775084573,103.75666611831753,a
119.91819534768163,23.72137274424381,a
37.703945030787644,76.70656801252107,a
55.81018184572699,91.54006830889938,a
71.79796689965247,172.05634451447753,a
71.60519905176645,210.01377459448332,a
71.6884391559078,176.34902818355715,a
54.882914436623835,163.7195350787888,a
58.03757002299559,140.9060161893513,a
102.04689266586131,165.10710305585667,a
113.80243631134488,153.14251998892246,a
168.95121147283933,131.87764923675434,a
186.52987873613807,139.17143347998376,a
165.91337565668607,172.16177065855345,a
135.46210955725934,143.27953215005232,a
160.30884959532816,123.33646509652499,a
129.9672202568141,96.31324790209658,a
166.46143789352118,86.82387617435387,a
95.40068719667893,63.087820860236945,a
82.03085859230364,21.351012986410012,a
75.42191313908376,114.54669057999405,a
91.87992936258055,190.8205616632066,a
89.6505577991662,155.2774943592836,a
148.81006685129665,160.50187266255625,a
116.9623394263788,201.5258799862441,a
126.80331172915609,237.1152295037072,a
96.44951046526812,230.4251704360895,a
169.0161016600135,215.80907338912317,a
147.47460537380562,216.50227858585765,a
185.2364316731702,205.63351919612114,a
176.2333852004303,179.0013386184416,a
193.74583357812483,98.55556497054812,a
135.07076511037567,132.9349734958036,a
143.1524263386279,90.28666563790256,a
94.81604609785293,93.23401137020466,a
55.07946875169554,90.61949774864496,a
112.50408373393688,142.34924077850923,a
89.26500128247962,163.08049618425622,a
74.66968297508473,181.6259054409649,a
134.28706909778148,215.8707445299113,a
127.84850787737432,244.00505799584235,a
149.06014340807315,211.50105321436467,a
188.35807370304374,196.7402110722971,a
177.65390849648443,229.56489790849525,a
196.75951060975865,203.30403175369094,a
234.07968927956284,147.98604016920171,a
211.0589214946558,79.9648873249804,a
184.88104047331015,100.61406737964472,a
165.73605254630164,96.14960862236052,a
70.87461974986242,55.611157604204664,a
36.995813639665634,81.42376130845798,a
89.87402673058511,114.78592605827555,a
62.98382524967637,146.48150354546675,a
89.85699146742974,150.98007776397526,a
97.0292693194265,172.41571772349528,a
126.72014507190347,220.11028724271267,a
69.42975238731538,183.75129986930136,a
199.22842520768373,168.7136427320583,a
183.13740932393347,204.8680890780833,a
136.38112843857243,143.41139185991335,a
187.6261332676962,147.91297788183937,a
164.1257877036069,133.55550085902541,a
189.0684190084289,101.95691745565682,a
152.65964866217539,129.66976968914423,a
116.69216557259395,104.97155713861952,a
137.06938253676464,87.94176865108705,a
117.86465666412134,143.99434788530021,a
91.96039302601737,104.43279173650467,a
93.14138528813322,113.27730956846125,a
44.620517518460595,142.2319823832488,a
100.38627355548212,203.20751320434948,a
142.36093128407668,132.13486070913575,a
161.5951473315975,159.27689679617623,a
164.44099648324323,171.34507556641654,a
187.59780801400257,184.28508486351205,a
160.0202056370307,148.57040031419461,a
142.59975268626187,130.94704720967923,a
211.7402752712043,154.91146531570666,a
157.22169582807948,66.99741011958275,a
182.26319831239488,101.25505371705515,a
141.7894062950375,107.45284887358702,a
129.18056398277398,103.29636028622502,a
157.04690068551054,84.23360654059996,a
112.76033437662925,114.09889419695924,a
90.32643723471395,111.10819957097277,a
125.67342642696511,203.34038847027978,a
166.41407634209872,175.86718724377727,a
159.39082952322264,186.64457150715282,a
174.9434803268404,143.0173642691575,a
204.54652441237695,152.01352863041296,a
191.97997411487628,155.9722984355035,a
197.053207747294,151.6636310967395,a
208.9248724196137,98.60415137880597,a
184.69659328691472,81.77225081808956,a
205.16792856285116,80.01356017004849,a
133.72751095861608,55.15863697630459,a
89.7715230623993,61.44358871073774,a
37.332538698885976,94.84265180285053,a
85.16545559313533,107.76610955250777,a
117.68414937526502,107.57639258201164,a
59.05442709813084,124.23795315746207,a
97.340092114283,182.46202743825506,a
107.0706697043197,146.30738518793447,a
174.6764396030569,241.07971949673515,a
176.68859662931402,138.60122156088056,a
227.27298741079497,165.9000422484366,a
171.51352556698708,141.14438356868408,a
200.2759040501369,133.92188413916534,a
214.37000746923,86.42836680969327,a
204.84677095413792,68.51283953907819,a
101.81929664606199,82.09184151528365,a
120.73982716510588,71.84304572402903,a
51.17853198262117,65.26809790606501,a
75.39009775027432,86.56041738949295,a
104.96563377246088,139.15962181885106,a
122.03691955749522,163.8028795992891,a
165.30330913102756,145.79458248157266,a
227.79056062050543,237.40364968943197,a
195.4637871556929,219.48379637080876,a
246.4523861402164,209.64812179054582,a
235.4945249979931,228.09230880983063,a
280.7571918553499,163.98849061025504,a
267.26563826939764,148.86981721889754,a
287.0827324248245,117.57952037690586,a
211.47942937499758,91.50173799823631,a
185.02110612024757,-9.732187052164022,a
150.45105123589093,86.36741524714262,a
156.4605045060836,95.19078734287882,a
127.04818059008488,112.94682294624994,a
183.10220431156912,73.65786528807394,a
145.24328840976267,88.46856911826166,a
179.6170542869711,163.8805850756936,a
166.47739062249127,137.8328029482799,a
151.36617269069131,141.2755257019764,a
206.80081650031403,119.738452331465,a
180.04867102228502,138.4391780335405,a
168.1293374111999,178.0308046423129,a
209.90590656737612,131.55544480681556,a
176.29567744038457,59.128371571015066,a
213.12528506016056,127.49693678775196,a
187.29824705282348,88.11918618597304,a
152.5900035981521,141.64122947892793,a
158.6182032081365,141.63097640576507,a
108.49689847579576,132.32382263669007,a
117.86333332405692,152.15869217093228,a
107.49046333655626,163.00115289684288,a
188.43653843714247,223.2633599347236,a
178.48436297981385,174.21855059328448,a
189.07793692764534,202.82707640775106,a
177.78264843082326,220.28369612894915,a
245.54511148294583,195.51264883212264,a
257.00876475126125,177.4037306592095,a
249.86969033231233,142.29247924555312,a
228.29428282076083,144.38274541024953,a
203.57930070750066,130.87249494590327,a
156.68630778909386,93.49456376723276,a
135.22736278325374,129.62496496691807,a
85.45506099610765,118.69862670600935,a
79.29040082625764,167.80329985131192,a
177.98650895793358,207.60975920125503,a
118.19388711710212,218.57377638686046,a
137.36480718030595,217.25101655551134,a
162.84603294539218,199.2803311864771,a
222.91090038197862,183.03565770376974,a
188.94707077582186,223.8079637563244,a
212.17601043041822,181.8014718653303,a
239.36276208273514,180.2580982862546,a
191.8890915096125,129.87969526194115,a
236.7237822384016,99.37049334074095,a
205.2715833836534,88.6488060507591,a
101.87188770471622,82.3623588772951,a
134.73216267328516,59.98798995294459,a
162.0046652584692,93.0753887089337,a
72.92996320999634,164.41188781762094,a
147.81392337759365,131.8629933823987,a
150.2485927373042,165.12149474527575,a
138.76669204785605,188.75958525252133,a
198.48922939066173,205.51249055085128,a
211.13981829085213,183.07272525286652,a
227.62655962252418,204.27815643280917,a
163.915943735821,186.34459625005945,a
150.86650588217663,151.63866734280685,a
213.1814430414988,154.69949732891172,a
201.7772417072129,129.34579725095335,a
187.01342975024122,139.5763137184456,a
110.49090627743988,89.81743102121152,a
108.28056970132435,99.64042301089643,a
109.31379895365896,100.8510944556678,a
35.54660563015686,111.57274648883936,a
72.97937855559735,138.01389119502755,a
136.95938586930606,192.7527166561099,a
130.66431858048605,145.04256206244781,a
154.96626331643787,177.91559640664946,a
118.5018439433291,161.79863984867342,a
225.272805431761,190.21563732600288,a
213.64974787364326,156.80153655567415,a
177.25847337396846,144.71011660200122,a
221.7126766029186,148.87457360371843,a
240.32288658568194,119.99220028461775,a
130.90599561501472,115.78099106527588,a
164.33047536154646,55.64350444331848,a
135.98624807231667,54.69368322395883,a
131.31377878577734,108.00735243301062,a
171.93844926056866,81.56530183078786,a
86.52195605108709,156.71824396176112,a
112.62226917257901,179.4192070050338,a
124.23037803607576,148.9526021206201,a
134.56039836323507,194.0389269951463,a
143.93128785671522,161.65507264474888,a
232.6076432816453,210.00997874915754,a
212.9784932107056,210.97595328377685,a
204.23036867210524,196.7756700050005,a
213.85711887398114,123.22309978697177,a
193.338154916049,107.23832632102506,a
211.1124920540024,123.46492760958449,a
204.59706487132664,79.17580262852277,a
197.96030006946953,118.86449096872337,a
134.21505842144083,122.76323417151639,a
136.1783193715151,83.70015521432987,a
78.6870111388486,104.37712698772123,a
125.02990837304415,169.63666497766428,a
130.00847845648914,222.71606681368672,a
165.11866335149608,153.60156390898658,a
155.36831656267753,209.32426950944,a
164.02296573848378,212.81863634197873,a
168.09761385464077,210.5258948201057,a
120.35617791728754,187.32669553553933,a
215.1726611449922,217.63087031512282,a
244.80051258922978,187.9883914771242,a
222.75850492353814,153.37857102658586,a
233.74950196019924,133.10363204765792,a
170.19272888999524,112.86285189852896,a
108.39308690992331,114.16333271879517,a
153.09951834170903,96.08285813009093,a
140.28923982173708,91.76878273692728,a
106.72766682059611,121.8837608823423,a
118.02432846585288,145.07717752075973,a
175.51686338424835,147.44026246926967,a
114.95283207900886,198.02577918188433,a
158.60208150520504,178.38427134374268,a
195.85177308022594,144.60913042358004,a
533.1788104261798,427.6092072162006,b
557.3481275460414,422.00195688131106,b
527.1434650092139,405.9883677837854,b
544.8368061807623,449.2152245004475,b
544.2811721607148,440.5433970227432,b
560.7881822536034,453.9671225812686,b
574.7319940241599,411.15352494765136,b
573.4384014271486,460.61909521546295,b
584.5360179348195,448.8123451789087,b
616.1533162788554,512.2303202771302,b
627.870025996289,480.0860886037388,b
651.1115299993786,503.765820650286,b
648.9222071163231,489.46789451751647,b
678.8082814580727,459.50247572807456,b
668.9844403676893,398.8527495544832,b
663.0995952677064,371.71996916566235,b
672.1634302640776,391.34439976159797,b
638.6482020250503,349.14431504464585,b
647.6891362552976,324.0567330027113,b
619.3101462391202,344.74244592726717,b
576.2392713051946,370.33401435822964,b
549.6614930506679,341.618151224435,b
565.4921269082631,323.61375186298915,b
567.0905446379338,350.0200896187927,b
558.0276152849814,364.901019526899,b
586.134592021434,433.46276534542676,b
557.3964674156882,447.6374063323181,b
596.6889095406467,427.0670683462332,b
599.522398777599,437.6543212815867,b
646.5084301995131,426.95656880870325,b
619.3799932620042,488.5227381647729,b
606.0596331766352,451.6102547785811,b
690.7399592886399,458.7531178516502,b
711.645906411737,445.7586161646305,b
672.4677251981248,458.09006786060246,b
750.772655867281,378.49340040509713,b
678.5346203781315,371.57491783728085,b
652.5230113435024,340.40725529674637,b
607.0300790689756,352.940700693629,b
642.7902251107021,369.4894309825751,b
586.9173746275712,358.3959156986732,b
566.1367905412787,355.4538254071447,b
472.1606214955759,401.61023904005157,b
510.7017862257306,366.1292697237973,b
543.3807829624653,414.1464287930788,b
540.5881766831368,415.13046221301374,b
525.9975010511972,480.15330085387325,b
560.7240209404197,468.747611850696,b
589.0446503135231,500.1354038860054,b
644.0005151023842,469.6321488604434,b
596.9034873881144,411.5495445673327,b
683.5050081198983,428.2930993505936,b
636.4901749542933,435.40573734028845,b
692.7396926254692,396.9802669330192,b
705.9089883734777,405.11448273019374,b
682.9949558743763,360.55443704368656,b
628.2034052006736,364.6679149726009,b
607.5683359131099,357.5462830804938,b
605.6955756733487,287.18903455438567,b
661.9665926420836,321.6713857949362,b
576.5412559618126,333.71066502312135,b
572.6285106857918,347.9239930251037,b
584.5558318988832,381.56798475383715,b
561.7143190309954,392.0692665122086,b
558.1663469321713,449.93554818778796,b
568.1475632669159,412.5385969067074,b
618.4914086040093,366.65751322358983,b
570.6059198303442,416.0007882834446,b
659.3316131792501,432.3801921754225,b
663.9228784757547,412.7572625967175,b
672.9584763984608,420.69064453189424,b
652.3006650632514,383.98669729047515,b
688.4571214185314,391.6150201676857,b
733.0480482855168,340.1444999500802,b
697.3108597170215,356.91357206281305,b
628.5171838026023,304.2302152306313,b
585.1322249926917,356.2635764023822,b
577.4611680163069,308.82743307669716,b
580.223303215536,320.5803990055915,b
580.1489809709817,341.7187716032647,b
559.4168637208093,328.5776031200077,b
563.1834523120948,371.31579152526865,b
519.302981934999,441.5846795030056,b
559.9692976739307,429.98570798287346,b
545.9899536679176,449.3483913756422,b
560.3345911118465,497.83406799926365,b
603.81066853956,440.31604565960936,b
614.6486560765219,383.31516545092734,b
637.6344343501237,490.07955690367106,b
634.7347026257684,441.26129944237937,b
710.5058354778495,417.24914640935083,b
682.6111312230378,376.3473727046778,b
622.0813327133233,354.22614093450886,b
645.9501676723004,384.49544171057767,b
570.4295591327746,323.4263122103573,b
582.5854984014185,377.4901836913301,b
517.5321767203342,342.00588415196194,b
557.5771539388769,348.85579580695196,b
518.5122741017376,342.69617562195845,b
540.6700193842564,372.11463940211604,b
464.11559886054357,442.9257850711849,b
547.7308280896963,423.03069974323904,b
539.1597359686285,443.2110760722423,b
549.0246482511905,425.15411102156276,b
561.692418764928,453.7569805702875,b
675.3013609206006,469.6340313430532,b
647.7774317926416,434.2291386428074,b
663.6862285666502,438.02058773724224,b
695.5526086281675,411.6113768314408,b
704.361713472351,341.7524396188952,b
708.4775684774049,354.61840225414824,b
641.3843323215256,306.20616072600876,b
630.8188734094181,270.6624125483434,b
564.6662565878844,294.61751113953846,b
516.0873193331839,304.2080986883383,b
526.3518325196361,337.6332402602121,b
550.6240956925367,392.5023847099224,b
493.7169540362037,363.4217452836461,b
582.2951660874336,437.331623387374,b
538.5724650915661,458.52516380163127,b
527.9584803043771,457.22150789776964,b
590.7508156337958,464.4184080624793,b
624.9010356768866,509.6771484621852,b
598.5282426605304,463.92239679152476,b
582.2790843145774,472.34749523707734,b
662.6637234347713,434.43440567121144,b
624.2357851020897,432.8924092968536,b
655.1201559990698,403.065621856633,b
593.0472644035793,322.90789209488287,b
638.0029383294121,366.7465321544932,b
541.335604655768,253.92804320367395,b
551.6132032828866,348.07792919125706,b
510.97955050705076,319.2988910693968,b
520.3007739170506,342.6726605276606,b
557.3393491899267,348.25064666913045,b
503.9869678574689,387.9148436359617,b
556.1426404063667,357.04849114525865,b
575.2486628101988,426.1221224897836,b
599.0802536072009,441.80499281978933,b
625.247689223215,449.0751268836087,b
577.4581586218338,406.07072744604244,b
649.5611571699936,445.4186436351944,b
659.5351327989771,430.9872091851104,b
656.4895730323962,400.30716746411485,b
678.9954794486741,401.9264603330508,b
725.0449884093456,371.0672919373409,b
645.6345393531672,324.0344092574613,b
661.5778901139461,388.98798940197787,b
639.332517628312,365.75350084242234,b
610.1240508491504,357.894329522577,b
568.8160876876568,387.93140288736424,b
535.3351318460135,363.9784810785285,b
560.4141246439584,376.60684116684786,b
571.7379901170891,454.83563404148464,b
607.5021944776231,441.87474511787974,b
598.7604446601194,486.84933447062707,b
606.9919431705497,446.12212751624185,b
664.5898686822165,458.68192604473643,b
636.1614884058382,469.9004178290555,b
759.4040851466152,429.3042894265597,b
551.9277255402257,387.476900399956,b
606.1009182799191,355.18064007286995,b
552.1587371166316,393.621103401346,b
637.2630866952826,390.81892527037814,b
545.5407968451535,396.8405435476504,b
591.7735329378298,438.53089163610554,b
622.7756671951746,423.3602336113154,b
584.5170279956285,429.3350403514267,b
616.4235653013777,435.187707670997,b
585.8374969304102,462.26551474914095,b
718.2691260277337,447.90241565400845,b
686.9544765448782,462.94892479817577,b
708.1971384354686,386.84292631177743,b
692.0393081414824,375.99379348537275,b
726.4497349370006,381.5817975421254,b
694.673074658247,381.91095712614197,b
654.9485569741046,367.62431760497816,b
627.7656057104159,315.4873738207654,b
613.5490423627188,314.6414411215954,b
566.0985425380801,382.23989457460175,b
622.7512675407338,404.51321863959595,b
565.7857516137283,380.9622633864984,b
576.1063571387884,412.78198193776245,b
563.0674416009967,388.8222487717373,b
571.1130728920713,388.43443677954446,b
551.4896922876139,421.01437745566136,b
586.9870263069243,453.8955655822411,b
643.2163726221811,447.3540228463324,b
595.3888402322541,435.24034411279456,b
626.8010933514489,385.8322853998566,b
619.9429636295245,455.7946363501745,b
656.5549011056496,429.68423171844955,b
647.7275037036702,457.3730157300062,b
650.295953890892,401.32160997395226,b
659.4586665988693,389.2596148086421,b
658.3232545704392,390.265623963055,b
651.829432947535,447.70353927832116,b
631.0311448352836,418.30966547871617,b
613.9846755297751,354.3186492602987,b
568.8660353968896,336.48487318884355,b
612.3072481082996,354.43361628066145,b
576.2107244636514,373.2127114994947,b
572.5854095353808,390.1257780901584,b
543.8729004885433,401.99381740198555,b
553.7413407186316,476.58147212914344,b
538.0169556035252,451.6968810380392,b
534.0404959197643,488.63355612458145,b
552.2245263411769,432.7376029281428,b
570.7258072790147,401.5349285232291,b
615.7986601141661,464.80741278222916,b
596.119120943335,458.25178943837284,b
634.033463119652,409.5177227299848,b
686.3653701877302,448.7081178249743,b
675.1072710182804,404.0975279121091,b
633.2538311062007,357.0680881484829,b
596.4337063057399,363.2745119033722,b
567.4837827894511,342.8653818582519,b
607.2053725461403,308.84680366655306,b
584.2138317543898,374.35093240870367,b
524.3154828588551,339.3913969694892,b
554.7745928164177,344.99688138309,b
507.7613753951913,348.3477200570757,b
519.9203315239378,404.69506750760604,b
538.637244006027,511.0710797513936,b
564.8527137471866,416.95967492713567,b
596.8172430513623,431.24363500677947,b
600.0314717896088,422.5256593720195,b
631.7266635318003,478.87770271506946,b
643.1106989977926,420.8061687141709,b
641.6305382932939,382.29636921798436,b
685.1767473940557,398.3024977320339,b
661.6304195531735,422.12913034953294,b
670.6018151532827,354.5200869303837,b
625.4568137438628,343.92669503447377,b
613.9600744693286,338.2823804935142,b
599.5600798541177,304.3446818930555,b
549.7320931943643,358.75171217392176,b
571.9541696551828,307.04831280034,b
555.4486742658911,369.30083680463815,b
541.8406300622919,409.73049323743004,b
539.3619133110943,451.8154976773741,b
619.3181389896378,416.2403681157453,b
562.2977670794613,443.00633686018773,b
593.9471232670143,478.09703923473813,b
563.9438949007554,428.61602262509496,b
626.1422079744232,453.635414153496,b
646.8594771534762,449.9169811540993,b
610.0286204196676,423.17029761470235,b
686.8726519543688,406.17670254163943,b
665.6144927957956,388.34554111058327,b
685.6057313769543,361.2345752641758,b
630.9777904856419,416.6894177541735,b
696.4019044452328,399.9383906365514,b
647.7206717611706,385.95697357888827,b
643.7028988520485,375.65567906685953,b
590.3657291195522,354.8275508846647,b
637.8944489519743,315.532495713833,b
610.5345595789881,336.5179230503701,b
527.2731899124352,389.98569578399605,b
523.750693578258,406.41844767511793,b
520.616940161599,435.9941833527049,b
552.7906982812724,451.2298022668492,b
566.0588106918274,445.5576567736952,b
585.5102801234699,504.8185378040691,b
604.6871570678067,477.47442809494606,b
584.8056709765693,486.74158502724225,b
664.2786472062558,431.68347192402155,b
682.7830387674584,432.1246069689461,b
653.6775225853252,462.9664008542884,b
642.3731540793469,394.6824197518776,b
722.2733301359775,392.9941533871911,b
683.1712552468217,413.12950959975535,b
700.8183098908004,365.0096994106732,b
627.6551285220585,348.68699525186406,b
687.1783188711129,329.5794998674995,b
590.2313342965726,374.5577827983932,b
628.510790085326,359.1558453282911,b
572.9935392320367,349.16699255972003,b
531.7464250648394,386.91122028802044,b
525.0036781658468,390.7488863343473,b
533.5370257148246,442.5570203088977,b
556.6556617727603,439.5696559661717,b
566.2537098128515,398.78784096743607,b
570.1126691161192,441.6596205394495,b
588.3681525769489,437.1252684218182,b
613.9163643971476,450.22461420284327,b
620.7005850745616,498.2047062131363,b
663.3541773615345,477.1614373661616,b
698.0331272643883,438.79166667196125,b
663.6769943138993,425.70535838617644,b
663.9828032367556,372.38661417775677,b
639.2366328049899,345.5993155860275,b
654.25136490042,401.5201826641786,b
599.1342296187192,312.4820594281373,b
564.8413441670145,352.39652877514015,b
530.5307498327336,360.20415011954447,b
518.6007420250454,388.07997616477826,b
490.3350726993707,420.99491956121705,b
534.7881314521759,447.63700203967915,b
562.8614885617076,445.408209064523,b
522.2744445027456,426.0823000212541,b
574.7208859055917,459.1782004255355,b
579.1896813043495,430.5342258492577,b
623.5104018826926,454.8661781296432,b
628.4622508282876,410.87213558301465,b
592.0127694256659,380.0693774867233,b
655.6648842651426,405.6463335410999,b
682.6602983066596,348.06844747499804,b
672.5400290956713,369.66088557571334,b
586.324445768756,298.18612222549746,b
602.2381608370908,367.4976448680485,b
584.089320731605,356.7131148247099,b
578.3955622604477,353.87185674784473,b
541.5032883377303,343.846991254832,b
559.5562793784808,351.7741490078503,b
591.899143357672,383.2487152565012,b
542.8110510751283,407.48031159584116,b
551.3090471531527,444.2639032392438,b
547.7550502651515,408.5904399421149,b
614.2115076936907,451.2269508205398,b
602.1420881832348,422.589179658106,b
603.9244473545177,405.4983050242187,b
638.68411456708,446.4974537466711,b
654.2833940001891,433.62189852302265,b
656.235647720767,436.38925841607806,b
671.5049988924488,420.6646824793937,b
670.3345949845443,438.9201569470194,b
664.5183288241878,382.96357483456563,b
674.0009274297502,363.02265696373155,b
602.5415330858206,352.58124572605584,b
571.097004321479,358.8435541655682,b
570.7019622472163,293.3042571802471,b
630.7274169700988,304.18712244424285,b
585.3519434786684,350.68562167764765,b
554.6778678623781,287.3129709936016,b
550.4584142083214,394.5221375715365,b
570.8055158559939,385.58524467875276,b
510.8946542954002,385.36785118720053,b
528.9105879005076,411.8405456307837,b
554.3831694938,385.2754370070224,b
611.8583000259625,438.6458988706753,b
656.7716008260588,399.7877848566025,b
670.3383206885445,465.6188148316836,b
678.9379187558629,474.07213990738535,b
690.0267418080288,378.98483235351745,b
680.3659113120049,447.09480740677793,b
676.6593585520451,347.31096762720745,b
647.6301585973542,348.9777203040536,b
644.1298077929939,336.97565859387964,b
630.9016072298144,288.8381533553366,b
657.3826931532528,331.5842261672386,b
602.4672568202152,327.98595222428617,b
613.0622820467236,308.76576251475126,b
578.7476674112874,248.41796714297817,b
628.2843837340021,329.17519621074655,b
583.5663299808764,386.17847369312597,b
626.7775914565601,368.2382360131528,b
561.7127291189333,424.1707074617155,b
552.0173300079697,453.06406363933144,b
605.5361289694604,436.2515640099865,b
649.9360506679117,436.5586780401129,b
607.2475604993502,471.53303809480593,b
603.0562857198613,465.69731660474935,b
597.1706072355319,461.14585451636935,b
632.4460875206736,418.579344409951,b
659.6751177941314,473.63271917261505,b
637.8549035471085,409.77833882526363,b
642.7493617722997,335.3258438653643,b
612.3968027386704,365.6078439727602,b
648.5192438181359,328.2783266882712,b
601.2098029958661,333.75993057171604,b
629.1589151029841,314.62972336364214,b
566.0096358631057,328.5756025792795,b
598.6499359764792,337.5166884236327,b
599.0918566996661,384.9305331733856,b
584.1200165465484,407.1424631096378,b
578.3135177271686,357.4740769298662,b
520.5395959833763,375.9853443795946,b
538.5036160442255,455.5476976470278,b
571.9041256769882,456.96065316816373,b
581.371358604282,435.3713368634176,b
612.0637294529921,459.2412380844002,b
669.2300379326163,446.1020981874278,b
703.9267325933478,494.34809796316154,b
669.7192158129391,381.8364530799097,b
631.0310776271066,370.16715933256216,b
621.3155423524898,365.94262609183676,b
652.4910127240166,347.46811306581935,b
575.6370905321862,345.03585732338263,b
635.5083403657786,353.6622231863319,b
557.5536996417137,386.6797698474809,b
555.3508335106724,374.5677292173402,b
533.5239699235694,436.7118850253197,b
554.9835646990869,386.7506140928649,b
569.9059968613341,459.0561630155778,b
519.905120074668,422.16779963422687,b
546.342672395067,462.07189262849295,b
602.6233619741361,498.42285512814976,b
610.8423459444019,453.28336742093745,b
635.9128006326848,443.78299759372044,b
636.6355078752555,439.39042245831035,b
658.3604937675046,470.71054929210663,b
623.0316897731278,414.0343013048243,b
645.5606835947791,423.35542978560176,b
652.5734577540329,380.6320110973881,b
668.3226571125002,405.33699342238003,b
666.8393405831675,394.99896560600735,b
613.0025590119578,372.1532386424494,b
590.7232637765823,366.76130889542014,b
572.3462628687034,351.46008381888703,b
532.7180151955364,354.3073574688167,b
555.240190181143,441.46674618789706,b
554.4094750152487,472.1999382435126,b
574.7100554041498,476.0425566671888,b
641.6699581266919,484.461145461877,b
662.3015019714625,459.90050031139225,b
662.7009405695952,460.5280169308012,b
689.2690576178361,447.9791854679977,b
705.986291375937,375.58673714576673,b
649.3754162781219,426.20318178145385,b
622.4820201172755,385.9223490400457,b
575.4112010396393,396.44398687489047,b
547.1533839600744,365.4297676316762,b
574.350186755706,398.24026945669596,b
566.7490647544174,436.5986136779723,b
568.3317473805844,503.3352462603032,b
577.0382366592343,492.7602948499688,b
628.0752110177729,477.3138222830495,b
642.2753110189495,477.51637686129385,b
690.6228926383495,438.0313183296488,b
739.3825388289944,446.9191817306173,b
709.7152207509928,385.3069731154104,b
725.6961809028979,406.2577663876063,b
651.4251864773198,387.7107622133285,b
610.7825145014654,324.3339663839708,b
586.9957993460064,413.60387244246334,b
592.8276258563735,434.12010609238206,b
599.6721508180583,433.8898128702036,b
644.2088563465164,465.17489478566955,b
655.5617506634071,510.0030665054234,b
637.9397169743656,515.4958544168171,b
664.2652237528913,466.4086939760481,b
695.2111640373753,484.65012229983455,b
659.2338453306905,431.90676019737646,b
649.7257190679975,459.97242891532284,b
715.2384224408656,428.27821911548324,b
654.4545830141192,423.7925973832838,b
650.9516567438137,374.93547844050323,b
649.266865304856,355.48326940098514,b
596.3166277532159,371.6080102928594,b
605.2368470889037,375.1195229348436,b
558.1393228055576,369.28810799422706,b
534.9037458337176,361.598763570173,b
551.7847867282371,380.51095213017277,b
547.6590494634298,412.99056242155484,b
627.5715504213109,453.19055489945436,b
559.3948343039091,448.84661388693576,b
600.0722457570228,425.94374774092284,b
594.93798546148,454.0508705817765,b
586.3721605203183,483.78000123852286,b
580.2190917439208,471.37317251402885,b
644.710516899049,438.51194972573285,b
664.3481290601151,450.2120479395497,b
623.6501815689147,410.9766251642226,b
682.0010388996756,408.0923809992411,b
635.3292229079598,373.5535577187543,b
682.8897041895269,371.1263528469523,b
636.0801878476935,324.6603414965807,b
639.2388211490909,367.8783202792265,b
